<?xml version="1.0" encoding="UTF-8"?>
<project-private xmlns="http://www.netbeans.org/ns/project-private/1">
    <editor-bookmarks xmlns="http://www.netbeans.org/ns/editor-bookmarks/2" lastBookmarkId="0"/>
    <open-files xmlns="http://www.netbeans.org/ns/projectui-open-files/2">
        <group>
            <file>file:/C:/Users/migue/Downloads/factorial_swing_macm/src/factorial_swing_macm/GUI.java</file>
            <file>file:/C:/Users/migue/Downloads/factorial_swing_macm/src/factorial_swing_macm/digitos.java</file>
            <file>file:/C:/Users/migue/Downloads/factorial_swing_macm/src/factorial_swing_macm/tabla.java</file>
            <file>file:/C:/Users/migue/Downloads/factorial_swing_macm/src/factorial_swing_macm/Factorial_swing_macm.java</file>
            <file>file:/C:/Users/migue/Downloads/factorial_swing_macm/src/factorial_swing_macm/factorial.java</file>
        </group>
    </open-files>
</project-private>
